{
    "totals": {
        "CPU_Percent": 39.55902831502398,
        "RAM_Percent": 59.0,
        "RAM_Total_MB": 32626.5703125
    }
}