{
    "totals": {
        "CPU": 26.797616451557616,
        "RAM": 5347.999232
    }
}